country,variable,n,lag,spearman_r,spearman_p,kendall_tau,kendall_p,var_diff_std,health_diff_std,var_diff_nonzero_share,health_diff_nonzero_share,spearman_p_adj,kendall_p_adj,spearman_sig,kendall_sig
Japan,heat_episodes,56,1,0.5757090704653861,3.4500762114923934e-06,0.5277744091303819,7.5182296201624064e-06,3.2240975783628505,1.8933746651001313,0.26785714285714285,0.32142857142857145,0.00016905373436312728,0.00018419662569397897,True,True
Japan,min_temp,56,1,0.5516127429054222,1.0510665841285939e-05,0.5268817204301075,5.391680316983113e-06,1.2513048262762534,1.8933746651001313,0.32142857142857145,0.32142857142857145,0.00018137804346116926,0.00018419662569397897,True,True
Japan,rural,56,1,-0.5503731994487578,1.1104778171091996e-05,-0.5074721754309203,3.55951275948925e-05,0.07810665368999846,1.8933746651001313,0.08928571428571429,0.32142857142857145,0.00018137804346116926,0.0005813870840499109,True,True
Japan,mean_soil_moisture,56,1,-0.47954873018239647,0.00018435588388587788,-0.41457586618876946,0.00034448323985136547,0.0024433099471675066,1.8933746651001313,0.32142857142857145,0.32142857142857145,0.002258359577602004,0.0021945010936451083,True,True
Japan,annual_cold_intensity_sum,56,1,-0.46732269767904183,0.0002821228570781896,-0.4217443249701314,0.0002713543639802984,13.442540905694688,1.8933746651001313,0.32142857142857145,0.32142857142857145,0.0027648039993662583,0.0021945010936451083,True,True
Japan,mean_caution_area,56,1,0.43263257293375074,0.0008682652866391912,0.4121863799283154,0.0003727026201661611,0.011484064630635464,1.8933746651001313,0.32142857142857145,0.32142857142857145,0.004799899430378863,0.0021945010936451083,True,True
Japan,mean_extreme_area,56,1,0.43263257293375074,0.0008682652866391912,0.4121863799283154,0.0003727026201661611,0.011484064630635464,1.8933746651001313,0.32142857142857145,0.32142857142857145,0.004799899430378863,0.0021945010936451083,True,True
Japan,caution_area,56,1,0.43213557974255756,0.0008816141810899953,0.40979689366786143,0.0004030716294450199,4.200681840524399,1.8933746651001313,0.32142857142857145,0.32142857142857145,0.004799899430378863,0.0021945010936451083,True,True
Japan,extreme_area,56,1,0.43213557974255756,0.0008816141810899953,0.40979689366786143,0.0004030716294450199,4.200681840524399,1.8933746651001313,0.32142857142857145,0.32142857142857145,0.004799899430378863,0.0021945010936451083,True,True
Japan,evap_deficit,56,1,0.4189155608568163,0.0013119058544289438,0.39307048984468335,0.0006896685071427846,0.001999221988496725,1.8933746651001313,0.32142857142857145,0.32142857142857145,0.006428338686701824,0.0033793756849996447,True,True
Japan,mean_dry_area,56,1,0.40480095422692713,0.0019710376018544987,0.37873357228195936,0.001075957812271769,0.01244428282947953,1.8933746651001313,0.32142857142857145,0.32142857142857145,0.00816201245179548,0.0043934944001097235,True,True
Japan,annual_dry_area,56,1,0.4043039610357338,0.0019988601922764438,0.37873357228195936,0.001075957812271769,4.4396411984922635,1.8933746651001313,0.32142857142857145,0.32142857142857145,0.00816201245179548,0.0043934944001097235,True,True
Japan,no2_mean,56,1,0.39540134089550405,0.002560225169375506,0.355841724548433,0.0022235531956738635,2.5739857414917036,1.8933746651001313,0.30357142857142855,0.32142857142857145,0.009650079484569214,0.008381085122155331,True,True
Japan,extreme_heat_episodes,56,1,0.3197139035909074,0.016306919595944453,0.29003829531750486,0.013538993377742585,8.78382146224065,1.8933746651001313,0.26785714285714285,0.32142857142857145,0.054426086206729916,0.044227378367292444,False,True
Japan,annual_potential_evap,56,1,-0.31872173351225086,0.016661046797978547,-0.29510155316606934,0.010839868999219569,0.002185222856807031,1.8933746651001313,0.32142857142857145,0.32142857142857145,0.054426086206729916,0.03793954149726849,False,True
Japan,winter_mean_snow_density,56,1,0.30212216092639527,0.02363250579779682,0.24731182795698925,0.03274330929878376,3.4178064752209196,1.8933746651001313,0.32142857142857145,0.32142857142857145,0.07237454900575277,0.08913456420224468,False,False
Japan,anomaly_cold_days,56,1,-0.28299394354200486,0.03456820114119117,-0.27058292300624953,0.02017846788612385,6.11340341370511,1.8933746651001313,0.30357142857142855,0.32142857142857145,0.0996377562304922,0.058491304807347745,False,False
Japan,mean_latent_heat,56,1,-0.27230256945479847,0.04232514708900699,-0.2688172043010753,0.02029290166785534,77305.17627987365,1.8933746651001313,0.32142857142857145,0.32142857142857145,0.11521845596451902,0.058491304807347745,False,False
Japan,mean_annual_rsn,56,1,0.24705531534217978,0.06640739768739473,0.22341696535244923,0.05374133897560716,2.5762927160089957,1.8933746651001313,0.32142857142857145,0.32142857142857145,0.17126118350959693,0.13166628049023754,False,False
Japan,ozone_uncertainty,56,1,-0.2397493899097467,0.07512324906668108,-0.24069458961719614,0.04388981070733241,0.11235380110782542,1.8933746651001313,0.21428571428571427,0.32142857142857145,0.18405196021336864,0.11318951182417306,False,False
Japan,city,56,1,0.21057242152217032,0.11928963641448416,0.1837660876884538,0.12722756479080125,0.26413298500231697,1.8933746651001313,0.17857142857142858,0.32142857142857145,0.2783424849671297,0.2149707129223883,False,False
Japan,ozone_mean,56,1,0.20661873638040876,0.12654759389502387,0.17374974253202916,0.13554985764226504,0.8935483039145512,1.8933746651001313,0.30357142857142855,0.32142857142857145,0.2818560045843714,0.22139810081569958,False,False
Japan,heavy_rain_days,56,1,0.2004175387627723,0.1385976088820588,0.19173243618101696,0.09880220146449467,9.079161240509436,1.8933746651001313,0.32142857142857145,0.32142857142857145,0.29378385348524805,0.2149707129223883,False,False
Japan,extreme_rain_days,56,1,0.1978193678615836,0.14389413231930517,0.1927219643901844,0.10058695724063879,2.8391968866281467,1.8933746651001313,0.2857142857142857,0.32142857142857145,0.29378385348524805,0.2149707129223883,False,False
Japan,annual_total_evap,56,1,-0.19238606431091895,0.15545543404366607,-0.18040621266427717,0.11933436767074945,0.00037101793163021217,1.8933746651001313,0.32142857142857145,0.32142857142857145,0.3046926507255855,0.2149707129223883,False,False
Japan,mean_annual_net_solar,56,1,0.18314199095472392,0.17667716564093552,0.17801672640382318,0.12430715613264762,169278.20778949864,1.8933746651001313,0.32142857142857145,0.32142857142857145,0.30653051836530176,0.2149707129223883,False,False
Japan,mean_cold_area,56,1,0.17827145768102978,0.18866762778642307,0.18040621266427717,0.11933436767074945,0.013107657700944186,1.8933746651001313,0.32142857142857145,0.32142857142857145,0.30653051836530176,0.2149707129223883,False,False
Japan,annual_freeze_burden,56,1,0.17817205904279107,0.18891825629632303,0.17801672640382318,0.12430715613264762,4.772145710391235,1.8933746651001313,0.32142857142857145,0.32142857142857145,0.30653051836530176,0.2149707129223883,False,False
Japan,max_heat_intensity,56,1,0.17379851896029022,0.20018319566713583,0.14456391875746713,0.2119864308735082,0.9263910111558145,1.8933746651001313,0.32142857142857145,0.32142857142857145,0.30653051836530176,0.3246042222750595,False,False
Japan,max_temp,56,1,0.17379851896029022,0.20018319566713583,0.14456391875746713,0.2119864308735082,0.9263910111558145,1.8933746651001313,0.32142857142857145,0.32142857142857145,0.30653051836530176,0.3246042222750595,False,False
Japan,gdp,56,1,-0.1804582277222802,0.18321396445595753,-0.18040621266427717,0.11933436767074945,3073.3417386196675,1.8933746651001313,0.32142857142857145,0.32142857142857145,0.30653051836530176,0.2149707129223883,False,False
Japan,health_exp,56,1,-0.18393718006063314,0.17477318175737713,-0.18040621266427717,0.11933436767074945,0.28134016389341243,1.8933746651001313,0.32142857142857145,0.32142857142857145,0.30653051836530176,0.2149707129223883,False,False
Japan,max_runoff,56,1,0.1702201679836986,0.2097481993137893,0.13022700119474312,0.2608683117449665,0.03765058880698758,1.8933746651001313,0.32142857142857145,0.32142857142857145,0.31144429595077805,0.3873499174394957,False,False
Japan,max_year_precip,56,1,0.16544903334824312,0.22299539085292633,0.12544802867383512,0.27877248919352104,0.03997826437059989,1.8933746651001313,0.32142857142857145,0.32142857142857145,0.3213757103468644,0.40176035207301564,False,False
Japan,anomaly_heat_days,56,1,0.1401730163420537,0.3028230791146852,0.11372261300001467,0.3283223209441376,9.55161983950584,1.8933746651001313,0.30357142857142855,0.32142857142857145,0.4239523107605593,0.459211059721635,False,False
Japan,pressure_variability,56,1,-0.1335420704736345,0.3264932665848462,-0.1039426523297491,0.36950021119743426,38.734073280213174,1.8933746651001313,0.32142857142857145,0.32142857142857145,0.4443936128515962,0.4893381175317373,False,False
Japan,drought_episodes,56,1,0.11928429438192452,0.3812251446696581,0.11124409872437281,0.33737955408120124,4.664176824965522,1.8933746651001313,0.32142857142857145,0.32142857142857145,0.5048657321300878,0.459211059721635,False,False
Japan,mean_annual_net_thermal,56,1,-0.08185477858953331,0.5486813333769104,-0.08721624850657109,0.45145042849532113,104650.02864396547,1.8933746651001313,0.32142857142857145,0.32142857142857145,0.7075101404070687,0.5821334472702825,False,False
Japan,pm25_mean,56,1,0.0673623473945539,0.6218111842883828,0.06133339770890135,0.5991457866539092,0.43745129599034943,1.8933746651001313,0.30357142857142855,0.32142857142857145,0.7745165093333035,0.7339535886510387,False,False
Japan,annual_heat_intensity_sum,56,1,0.06535460464191639,0.632258374965962,0.04659498207885305,0.6874726635088168,16.234711574136075,1.8933746651001313,0.32142857142857145,0.32142857142857145,0.7745165093333035,0.8020514407602862,False,False
Japan,runoff_days,56,1,-0.0603775455604724,0.6584622673909402,-0.0491286320317091,0.6740913885744746,3.5382419143065738,1.8933746651001313,0.30357142857142855,0.32142857142857145,0.7869427098086845,0.8020514407602862,False,False
Japan,max_monthly_wind_speed,56,1,-0.052631578947368425,0.7000576574180445,-0.06810035842293907,0.5565603261209671,0.1682187372434853,1.8933746651001313,0.32142857142857145,0.32142857142857145,0.8167339336543853,0.6992681020494201,False,False
Japan,max_rolling_heat_stress,56,1,0.04776104567367427,0.7266769338969479,0.03464755077658303,0.7648357860798052,2.707546502537518,1.8933746651001313,0.32142857142857145,0.32142857142857145,0.8280737153709407,0.8673024873608335,False,False
Japan,mean_temp,56,1,0.04060434372049102,0.7663715581536126,0.02986857825567503,0.7965022843109696,0.26311574432507034,1.8933746651001313,0.32142857142857145,0.32142857142857145,0.8534592352165231,0.8673024873608335,False,False
Japan,no2_uncertainty,56,1,-0.03332621536657371,0.8073598497652982,-0.023957154030199344,0.8439163716733238,0.026967994498530067,1.8933746651001313,0.14285714285714285,0.32142857142857145,0.8791251697444358,0.8989543959128883,False,False
Japan,mean_sensible_heat,56,1,0.027483723472988424,0.8406449871270372,0.0035842293906810036,0.9753132664701489,48031.086620068454,1.8933746651001313,0.32142857142857145,0.32142857142857145,0.8888887650827546,0.9917699214108437,False,False
Japan,min_monthly_soil_moisture,56,1,-0.025396352069976643,0.8526075909977442,-0.03225806451612903,0.7806235510063454,0.0076547576730085784,1.8933746651001313,0.32142857142857145,0.32142857142857145,0.8888887650827546,0.8673024873608335,False,False
Japan,pm25_uncertainty,56,1,-0.008581242713676945,0.9499505257043048,-0.010043675094919496,0.9315944346620215,1.11497853919129,1.8933746651001313,0.2857142857142857,0.32142857142857145,0.9697411616564778,0.9712367510306182,False,False
Japan,mean_annual_wind_speed,56,1,-0.0031310571045176684,0.9817282340362938,-0.0011947431302270013,0.9917699214108437,0.05459499869401564,1.8933746651001313,0.32142857142857145,0.32142857142857145,0.9817282340362938,0.9917699214108437,False,False
Japan,heat_episodes,55,2,0.5900115786033182,2.1316301699891012e-06,0.4972534609833876,2.139881496491259e-06,4.600395239937148,2.686087187805779,0.5454545454545454,0.6545454545454545,0.00010444987832946596,5.3156098015456066e-05,True,True
Japan,rural,55,2,-0.5690236258728874,5.8159301924363074e-06,-0.4843806257242041,1.930178317856013e-05,0.10895895498789383,2.686087187805779,0.18181818181818182,0.6545454545454545,0.00014249028971468955,0.0003152624585831488,True,True
Japan,min_temp,55,2,0.5316617724568933,2.955119016881351e-05,0.48148148148148145,2.169636653692084e-06,1.7855754705419955,2.686087187805779,0.6545454545454545,0.6545454545454545,0.000482669439423954,5.3156098015456066e-05,True,True
Japan,annual_cold_intensity_sum,55,2,-0.4886680219862962,0.00015351418132860734,-0.38580246913580246,0.00014726943319471412,19.182157727323997,2.686087187805779,0.6545454545454545,0.6545454545454545,0.0015044389770203519,0.0018040505566352483,True,True
Japan,mean_soil_moisture,55,2,-0.4940893005044801,0.0001262114045857767,-0.3672839506172839,0.0003021623920606587,0.0034860258878705434,2.686087187805779,0.6545454545454545,0.6545454545454545,0.0015044389770203519,0.0026103719374221054,True,True
Japan,winter_mean_snow_density,55,2,0.40599352458399224,0.002102157942207706,0.28703703703703703,0.00474360541433662,4.873676013442929,2.686087187805779,0.6545454545454545,0.6545454545454545,0.013693385585162851,0.020876163417715306,True,True
Japan,mean_caution_area,55,2,0.3986145621564642,0.002575587975200993,0.3611111111111111,0.00038128600390336856,0.016383596206723056,2.686087187805779,0.6545454545454545,0.6545454545454545,0.013693385585162851,0.0026103719374221054,True,True
Japan,mean_extreme_area,55,2,0.3986145621564642,0.002575587975200993,0.3611111111111111,0.00038128600390336856,0.016383596206723056,2.686087187805779,0.6545454545454545,0.6545454545454545,0.013693385585162851,0.0026103719374221054,True,True
Japan,caution_area,55,2,0.39560274075747315,0.002794568486767929,0.3549382716049383,0.0004794560701387541,5.992931099348903,2.686087187805779,0.6545454545454545,0.6545454545454545,0.013693385585162851,0.0026103719374221054,True,True
Japan,extreme_area,55,2,0.39560274075747315,0.002794568486767929,0.3549382716049383,0.0004794560701387541,5.992931099348903,2.686087187805779,0.6545454545454545,0.6545454545454545,0.013693385585162851,0.0026103719374221054,True,True
Japan,evap_deficit,55,2,0.36699043746705823,0.005850538028848395,0.3117283950617284,0.0021631403284996277,0.0028533849833830035,2.686087187805779,0.6545454545454545,0.6545454545454545,0.02502095379423218,0.010599387609648176,True,True
Japan,no2_mean,55,2,0.36511239884182634,0.0061275805210364515,0.2866409695042555,0.00511252981658334,3.6737012409939944,2.686087187805779,0.6181818181818182,0.6545454545454545,0.02502095379423218,0.020876163417715306,True,True
Japan,extreme_heat_episodes,55,2,0.32607628768942903,0.015119188860841183,0.2684492308013187,0.009930034810469912,12.534477704042212,2.686087187805779,0.5454545454545454,0.6545454545454545,0.05698771186009369,0.032438113714201716,False,True
Japan,mean_dry_area,55,2,0.3157894736842105,0.018843507892342296,0.27469135802469136,0.006882266040133853,0.017731580036979923,2.686087187805779,0.6545454545454545,0.6545454545454545,0.0655665445766332,0.024087931140468484,False,True
Japan,annual_dry_area,55,2,0.3127776522852195,0.020071391196928533,0.27469135802469136,0.006882266040133853,6.326211664304041,2.686087187805779,0.6545454545454545,0.6545454545454545,0.0655665445766332,0.024087931140468484,False,True
Japan,city,55,2,0.29464916001192315,0.02898303102527049,0.2343647593403658,0.03206924783360456,0.3717100350654406,2.686087187805779,0.36363636363636365,0.6545454545454545,0.08876053251489088,0.08270490230771703,False,False
Japan,mean_annual_rsn,55,2,0.2782922972667721,0.03965725129767136,0.22530864197530864,0.02664718941659663,3.6757106739429846,2.686087187805779,0.6545454545454545,0.6545454545454545,0.10227396387294192,0.07253957118962416,False,False
Japan,annual_potential_evap,55,2,-0.27912054815149456,0.03904812428406263,-0.23456790123456792,0.021013457402172638,0.0031188525862994843,2.686087187805779,0.6545454545454545,0.6545454545454545,0.10227396387294192,0.06056820074743878,False,False
Japan,anomaly_cold_days,55,2,-0.283945130776193,0.03565148634264601,-0.24670169921397322,0.016264966429271718,8.722161101246312,2.686087187805779,0.6181818181818182,0.6545454545454545,0.10227396387294192,0.04981145968964464,False,True
Japan,max_heat_intensity,55,2,0.2678262179052783,0.04805185080406034,0.19753086419753085,0.0519724127490155,1.3212975782728056,2.686087187805779,0.6545454545454545,0.6545454545454545,0.10859796501818567,0.1157567374864436,False,False
Japan,max_temp,55,2,0.2678262179052783,0.04805185080406034,0.19753086419753085,0.0519724127490155,1.3212975782728058,2.686087187805779,0.6545454545454545,0.6545454545454545,0.10859796501818567,0.1157567374864436,False,False
Japan,anomaly_heat_days,55,2,0.267015706540012,0.048758270008164996,0.20205838833906534,0.04841933868576379,13.62526372030323,2.686087187805779,0.6181818181818182,0.6545454545454545,0.10859796501818567,0.1157567374864436,False,False
Japan,max_runoff,55,2,0.24614110383254276,0.07006580569403707,0.16049382716049382,0.11434023714271696,0.05371803887081632,2.686087187805779,0.6545454545454545,0.6545454545454545,0.14927062952207898,0.2154873699997358,False,False
Japan,ozone_mean,55,2,0.23708428955311753,0.08136473654154713,0.1772789497330952,0.08377691105720388,1.264943005862639,2.686087187805779,0.6181818181818182,0.6545454545454545,0.16611967043899206,0.17104452674179124,False,False
Japan,max_year_precip,55,2,0.23439500037647767,0.08498276784132573,0.14814814814814814,0.14497244247022206,0.057039391064011104,2.686087187805779,0.6545454545454545,0.6545454545454545,0.16656622496899842,0.26309813633484747,False,False
Japan,ozone_uncertainty,55,2,-0.18993947224917887,0.16484635762893024,-0.19442034424259877,0.07056779545315908,0.15724907862138043,2.686087187805779,0.43636363636363634,0.6545454545454545,0.3106719816852916,0.15034008596542586,False,False
Japan,annual_heat_intensity_sum,55,2,0.18146223928921018,0.18487689189436293,0.12037037037037036,0.2363195237836726,23.169776697819582,2.686087187805779,0.6545454545454545,0.6545454545454545,0.3355173223268068,0.37646778084137733,False,False
Japan,mean_latent_heat,55,2,-0.16949024922822076,0.21605904410794938,-0.16666666666666666,0.10106509503513787,110327.10182393393,2.686087187805779,0.6545454545454545,0.6545454545454545,0.37810332718891143,0.1980875862688702,False,False
Japan,pressure_variability,55,2,-0.16120774038099542,0.23967576771762017,-0.0925925925925926,0.36232117913855566,55.2777594119329,2.686087187805779,0.6545454545454545,0.6545454545454545,0.40496940062632375,0.4672036257312955,False,False
Japan,heavy_rain_days,55,2,0.15012441138009225,0.27395754680422474,0.14308364168871834,0.1620470828732734,12.93110467104292,2.686087187805779,0.6545454545454545,0.6545454545454545,0.44746399311356705,0.28358239502822846,False,False
Japan,extreme_rain_days,55,2,0.14202106376066997,0.30098725173080315,0.12572275152355955,0.22758440947928182,4.049192462202754,2.686087187805779,0.5818181818181818,0.6545454545454545,0.47575404305836627,0.37646778084137733,False,False
Japan,drought_episodes,55,2,0.1348949372057222,0.32613589046387526,0.11145564251507056,0.2741641837752806,6.646839202242775,2.686087187805779,0.6545454545454545,0.6545454545454545,0.4842623828099966,0.38125106487040433,False,False
Japan,annual_total_evap,55,2,-0.1358331450944959,0.32275116463998577,-0.11419753086419752,0.2612225418083026,0.0005295006938118371,2.686087187805779,0.6545454545454545,0.6545454545454545,0.4842623828099966,0.37646778084137733,False,False
Japan,max_rolling_heat_stress,55,2,0.12634590768767412,0.35800395903169824,0.08950617283950618,0.3785419439513281,3.862629903826037,2.686087187805779,0.6545454545454545,0.6545454545454545,0.515946882133918,0.47560398086192507,False,False
Japan,mean_temp,55,2,0.11731044349070101,0.3936785485785955,0.07716049382716049,0.4477772746966837,0.3755126730162494,2.686087187805779,0.6545454545454545,0.6545454545454545,0.5243540934679601,0.5351484502472561,False,False
Japan,mean_annual_net_solar,55,2,0.11414803102176042,0.40664195003637726,0.10802469135802469,0.28788345714704,241379.1219123527,2.686087187805779,0.6545454545454545,0.6545454545454545,0.5243540934679601,0.38125106487040433,False,False
Japan,gdp,55,2,-0.11505157744145772,0.40291311257175283,-0.11419753086419752,0.2612225418083026,4370.57749859655,2.686087187805779,0.6545454545454545,0.6545454545454545,0.5243540934679601,0.37646778084137733,False,False
Japan,health_exp,55,2,-0.11896694526014608,0.38698636636617373,-0.11419753086419752,0.2612225418083026,0.37632354035578536,2.686087187805779,0.6545454545454545,0.6545454545454545,0.5243540934679601,0.37646778084137733,False,False
Japan,mean_cold_area,55,2,0.10179956328589715,0.459573380048329,0.11419753086419752,0.2612225418083026,0.018706195768681606,2.686087187805779,0.6545454545454545,0.6545454545454545,0.5662533931317494,0.37646778084137733,False,False
Japan,annual_freeze_burden,55,2,0.10119719900609894,0.4622476678626526,0.10802469135802469,0.28788345714704,6.810491982028834,2.686087187805779,0.6545454545454545,0.6545454545454545,0.5662533931317494,0.38125106487040433,False,False
Japan,min_monthly_soil_moisture,55,2,-0.0938182365785709,0.4956826054893187,-0.08333333333333333,0.4122982468257472,0.01091626921874597,2.686087187805779,0.6545454545454545,0.6545454545454545,0.5924011626579662,0.5050653523615404,False,False
Japan,pm25_mean,55,2,0.08151858698786568,0.5540795753282638,0.06789466161260499,0.5101700375508648,0.6232747231128345,2.686087187805779,0.6181818181818182,0.6545454545454545,0.6464261712163077,0.5951983771426755,False,False
Japan,no2_uncertainty,55,2,-0.0761587741631847,0.5805104686292205,-0.05797213274999454,0.6030139739541449,0.0384900179459756,2.686087187805779,0.2909090909090909,0.6545454545454545,0.6615119293681815,0.6871554586919326,False,False
Japan,mean_sensible_heat,55,2,0.05496574053158648,0.6902060559396185,0.009259259259259259,0.927417024126487,68370.45632067039,2.686087187805779,0.6545454545454545,0.6545454545454545,0.7515577053564735,0.9668815783446354,False,False
Japan,runoff_days,55,2,-0.05694110414140873,0.6796634675745707,-0.03643365782161285,0.724509581795213,5.048252022715237,2.686087187805779,0.6181818181818182,0.6545454545454545,0.7515577053564735,0.788910433510343,False,False
Japan,max_monthly_wind_speed,55,2,0.03727128981251412,0.7870400240787923,0.0,1.0,0.23986964361906968,2.686087187805779,0.6545454545454545,0.6545454545454545,0.8231603844801361,1.0,False,False
Japan,mean_annual_net_thermal,55,2,-0.03681951660266547,0.7895620014401304,-0.04938271604938271,0.6270802240219413,149331.07643376058,2.686087187805779,0.6545454545454545,0.6545454545454545,0.8231603844801361,0.698339340388071,False,False
Japan,pm25_uncertainty,55,2,-0.02466569221043301,0.8581330593748265,-0.025574903895486042,0.8047465913884468,1.5260004280462396,2.686087187805779,0.5818181818181818,0.6545454545454545,0.8760108314451355,0.8572300647398673,False,False
Japan,mean_annual_wind_speed,55,2,-0.010390783826519088,0.939982287839897,-0.0030864197530864196,0.9757759306896571,0.07782702855302887,2.686087187805779,0.6545454545454545,0.6545454545454545,0.939982287839897,0.9961045959123582,False,False
Japan,heat_episodes,54,3,0.5521626029122697,1.5014568016803934e-05,0.4446486458999438,7.622901716792905e-06,5.685687647519624,3.2997282355767066,0.8333333333333334,1.0,0.00036785691641169643,0.0003735221841228524,True,True
Japan,rural,54,3,-0.5629083544296524,9.389542092326725e-06,-0.45742482744914986,2.799472105718986e-05,0.13139311604264592,3.2997282355767066,0.2777777777777778,1.0,0.00036785691641169643,0.0006444167199775447,True,True
Japan,winter_mean_snow_density,54,3,0.5087719298245613,8.555829096637602e-05,0.35947712418300654,0.0002102868033317939,6.019435391552687,3.2997282355767066,1.0,1.0,0.0013974520857841417,0.00206081067265158,True,True
Japan,annual_cold_intensity_sum,54,3,-0.4881320949432404,0.00018084349395268055,-0.3202614379084967,0.0009599794271676934,23.70912568983771,3.2997282355767066,1.0,1.0,0.002215332800920337,0.007839831988536163,True,True
Japan,min_temp,54,3,0.47368421052631576,0.0002970579884704092,0.3986928104575163,3.945408489658437e-05,2.2069640311349272,3.2997282355767066,1.0,1.0,0.00291116828701001,0.0006444167199775447,True,True
Japan,anomaly_heat_days,54,3,0.44478844169246645,0.0007522971898226577,0.35947712418300654,0.0002102868033317939,16.834843322274626,3.2997282355767066,0.9444444444444444,1.0,0.006143760383551704,0.00206081067265158,True,True
Japan,mean_soil_moisture,54,3,-0.42827657378740963,0.0012346769311395798,-0.28104575163398693,0.003759413804135566,0.004308064521420213,3.2997282355767066,1.0,1.0,0.00864273851797706,0.01842112764026427,True,True
Japan,city,54,3,0.4015356103287511,0.0026177240847331694,0.3160312689867369,0.002338592800545706,0.45266506423332437,3.2997282355767066,0.5555555555555556,1.0,0.01602059034843127,0.01320701496574919,True,True
Japan,max_heat_intensity,54,3,0.3931888544891641,0.0032695082343737287,0.29411764705882354,0.0024257782590151574,1.6323030094044597,3.2997282355767066,1.0,1.0,0.01602059034843127,0.01320701496574919,True,True
Japan,max_temp,54,3,0.3931888544891641,0.0032695082343737287,0.29411764705882354,0.0024257782590151574,1.63230300940446,3.2997282355767066,1.0,1.0,0.01602059034843127,0.01320701496574919,True,True
Japan,annual_heat_intensity_sum,54,3,0.3766769865841073,0.004993577432370936,0.2549019607843137,0.008585752919412194,28.64200437666074,3.2997282355767066,1.0,1.0,0.022244117653288716,0.028046792870079836,True,True
Japan,max_runoff,54,3,0.31888544891640863,0.018762859680304243,0.21568627450980388,0.02616216126976346,0.06638468990916234,3.2997282355767066,1.0,1.0,0.06855581452246451,0.07121921678991164,False,False
Japan,mean_caution_area,54,3,0.31682146542827655,0.019587375577847,0.2679738562091503,0.0057290619335585834,0.020245145565553645,3.2997282355767066,1.0,1.0,0.06855581452246451,0.023393669562030883,False,True
Japan,mean_extreme_area,54,3,0.31682146542827655,0.019587375577847,0.2679738562091503,0.0057290619335585834,0.020245145565553645,3.2997282355767066,1.0,1.0,0.06855581452246451,0.023393669562030883,False,True
Japan,caution_area,54,3,0.3065015479876161,0.024185386974552848,0.2549019607843137,0.008585752919412194,7.405545741919683,3.2997282355767066,1.0,1.0,0.06971082127959351,0.028046792870079836,False,True
Japan,extreme_area,54,3,0.3065015479876161,0.024185386974552848,0.2549019607843137,0.008585752919412194,7.405545741919683,3.2997282355767066,1.0,1.0,0.06971082127959351,0.028046792870079836,False,True
Japan,mean_annual_rsn,54,3,0.3065015479876161,0.024185386974552848,0.2287581699346405,0.018345415711379164,4.5424143921430975,3.2997282355767066,1.0,1.0,0.06971082127959351,0.05287796293279877,False,False
Japan,extreme_heat_episodes,54,3,0.30005273685148925,0.027496046369284,0.2318084135416011,0.01801787211175689,15.49284679737047,3.2997282355767066,0.8333333333333334,1.0,0.07223496555199925,0.05287796293279877,False,False
Japan,max_year_precip,54,3,0.2982456140350877,0.028489091319622073,0.1895424836601307,0.050672235846161026,0.07048964595932558,3.2997282355767066,1.0,1.0,0.07223496555199925,0.11823521697437574,False,False
Japan,anomaly_cold_days,54,3,-0.29648776151296047,0.029483659408979287,-0.20395178224526447,0.036488325037722695,10.778647655574371,3.2997282355767066,0.9444444444444444,1.0,0.07223496555199925,0.09410146983412696,False,False
Japan,no2_mean,54,3,0.2734778121775026,0.04539846284180179,0.16339869281045752,0.09204761168418035,4.541575932392359,3.2997282355767066,0.9444444444444444,1.0,0.10592974663087085,0.17347434509710913,False,False
Japan,evap_deficit,54,3,0.26728586171310625,0.050713832112947124,0.16339869281045752,0.09204761168418035,0.0035274821986983357,3.2997282355767066,1.0,1.0,0.11295353516065496,0.17347434509710913,False,False
Japan,mean_temp,54,3,0.2549019607843137,0.06286175333569981,0.16339869281045752,0.09204761168418035,0.4642016358578775,3.2997282355767066,1.0,1.0,0.13290553129881905,0.17347434509710913,False,False
Japan,min_monthly_soil_moisture,54,3,-0.2528379772961816,0.06509658675860525,-0.17647058823529413,0.06883981774877374,0.013483676079118457,3.2997282355767066,1.0,1.0,0.13290553129881905,0.14665874216043098,False,False
Japan,max_rolling_heat_stress,54,3,0.24664602683178535,0.07218481181351709,0.1895424836601307,0.050672235846161026,4.772963162592081,3.2997282355767066,1.0,1.0,0.1414822311544935,0.11823521697437574,False,False
Japan,ozone_mean,54,3,0.23025299919229267,0.09393314130480175,0.18360754425174786,0.05903258216943958,1.5503702134464974,3.2997282355767066,0.9444444444444444,1.0,0.17702784322828022,0.13148166028647906,False,False
Japan,pressure_variability,54,3,-0.18472652218782246,0.18114573942247023,-0.0718954248366013,0.45853254254953246,68.32997048775157,3.2997282355767066,1.0,1.0,0.3170050439893229,0.6419455595693454,False,False
Japan,annual_potential_evap,54,3,-0.1867905056759546,0.1762332692378393,-0.12418300653594772,0.20041592149521692,0.003855662938195881,3.2997282355767066,1.0,1.0,0.3170050439893229,0.35072786261662964,False,False
Japan,drought_episodes,54,3,0.1632232275925009,0.23827713419697638,0.1118445257474031,0.25141442301535555,8.204156026102194,3.2997282355767066,1.0,1.0,0.394931097706954,0.41064355759174737,False,False
Japan,max_monthly_wind_speed,54,3,0.16202270381836945,0.24179454961650246,0.12418300653594772,0.20041592149521692,0.2962550678878303,3.2997282355767066,1.0,1.0,0.394931097706954,0.35072786261662964,False,False
Japan,mean_dry_area,54,3,0.13106295149638802,0.34483268666315253,0.08496732026143791,0.3810077913350026,0.021882696237589684,3.2997282355767066,1.0,1.0,0.5450581176288539,0.5657388416792464,False,False
Japan,no2_uncertainty,54,3,-0.1272070381187913,0.35933363151393083,-0.11098534863604861,0.29814936069647313,0.047583095143089324,3.2997282355767066,0.4444444444444444,1.0,0.5502296232557067,0.4712683443266833,False,False
Japan,annual_dry_area,54,3,0.12074303405572755,0.38446259624484164,0.08496732026143791,0.3810077913350026,7.807575637128394,3.2997282355767066,1.0,1.0,0.5708687035150679,0.5657388416792464,False,False
Japan,ozone_uncertainty,54,3,-0.11389059945949859,0.41220948433419025,-0.11917286644580191,0.24125240457976316,0.19033238057235602,3.2997282355767066,0.6666666666666666,1.0,0.5940666097757448,0.4076333732554619,False,False
Japan,pm25_mean,54,3,0.09834415955079863,0.4792638922146866,0.07974522228289,0.41712703934608275,0.7691373915263936,3.2997282355767066,0.9444444444444444,1.0,0.6709694491005612,0.6011536743517075,False,False
Japan,extreme_rain_days,54,3,0.06639093452706465,0.6333742658383901,0.006713829120923007,0.9459678915726129,5.00188643658853,3.2997282355767066,0.8888888888888888,1.0,0.8620927507244753,0.9462730109938334,False,False
Japan,mean_sensible_heat,54,3,0.0608875128998968,0.6618453158899521,0.0196078431372549,0.8397890723739945,84288.90895764212,3.2997282355767066,1.0,1.0,0.8764978507731799,0.9462730109938334,False,False
Japan,pm25_uncertainty,54,3,-0.0537468346215575,0.6995006454037755,-0.05280786895875596,0.5891688932291653,1.7989007824661243,3.2997282355767066,0.8888888888888888,1.0,0.9019876743364474,0.7802506964386244,False,False
Japan,heavy_rain_days,54,3,0.04347847053824782,0.7549098665460422,0.05316348152192667,0.5885463625554217,15.951183390969057,3.2997282355767066,1.0,1.0,0.9335463382332778,0.7802506964386244,False,False
Japan,mean_annual_net_thermal,54,3,0.02579979360165118,0.8530850446223417,0.0196078431372549,0.8397890723739945,184570.73061954856,3.2997282355767066,1.0,1.0,0.9335463382332778,0.9462730109938334,False,False
Japan,gdp,54,3,-0.021671826625386997,0.8763904399740976,0.0065359477124183,0.9462730109938334,5382.717695697802,3.2997282355767066,1.0,1.0,0.9335463382332778,0.9462730109938334,False,False
Japan,mean_cold_area,54,3,-0.02373581011351909,0.8647234627489967,-0.0065359477124183,0.9462730109938334,0.023123284142968555,3.2997282355767066,1.0,1.0,0.9335463382332778,0.9462730109938334,False,False
Japan,annual_freeze_burden,54,3,-0.02579979360165118,0.8530850446223417,-0.0196078431372549,0.8397890723739945,8.418740018778335,3.2997282355767066,1.0,1.0,0.9335463382332778,0.9462730109938334,False,False
Japan,mean_annual_wind_speed,54,3,-0.02579979360165118,0.8530850446223417,-0.0065359477124183,0.9462730109938334,0.0960931641492532,3.2997282355767066,1.0,1.0,0.9335463382332778,0.9462730109938334,False,False
Japan,annual_total_evap,54,3,-0.034055727554179564,0.8068648179708298,0.0065359477124183,0.9462730109938334,0.0006545491218483384,3.2997282355767066,1.0,1.0,0.9335463382332778,0.9462730109938334,False,False
Japan,runoff_days,54,3,-0.03421499137329896,0.8059790654644562,-0.013381594098395004,0.8922459710340872,6.238700477487177,3.2997282355767066,0.9444444444444444,1.0,0.9335463382332778,0.9462730109938334,False,False
Japan,health_exp,54,3,-0.01547987616099071,0.9115384015647279,0.0065359477124183,0.9462730109938334,0.4305189111942569,3.2997282355767066,1.0,1.0,0.9503272697164185,0.9462730109938334,False,False
Japan,mean_latent_heat,54,3,-0.007223942208462331,0.9586534444682345,0.0196078431372549,0.8397890723739945,136382.92391797111,3.2997282355767066,1.0,1.0,0.9786253912279894,0.9462730109938334,False,False
Japan,mean_annual_net_solar,54,3,-0.0010319917440660474,0.9940908328306217,-0.0196078431372549,0.8397890723739945,298117.752196771,3.2997282355767066,1.0,1.0,0.9940908328306217,0.9462730109938334,False,False
